name,branch_name,category,rating_numeric,total_reviews,total_reviews_int,address,phone,website,maps_url,overview,about,city,source
Jugnu Mobiles & Computers,G15,Cell phone store,4.8,,,"Zeeshan Arcade, G-15 Markaz G 15 Markaz G-15, Islamabad, 44000, Pakistan",+923005116364,,https://www.google.com/maps/place/Jugnu+Mobiles+%26+Computers,,"General: See photos, 4.8, Cell phone store, Zeeshan Arcade, G-15 Markaz G 15 Markaz G-15, Islamabad, 44000, Pakistan, Closed, · Opens 11 AM, Updated by others 6 weeks ago, Tuesday, 11 AM–8 PM, Suggest new hours, +92 300 5116364, JWJC+PQ Islamabad, Pakistan, Add website, Add a photo, You're seeing a limited view of Google Maps., Learn more, Get the most out of Google Maps, Hours: Tuesday 11 AM–8 PM Suggest new hours",iphone chargers,google_maps
Apple Man All Apple phone & Accessories,F8,Cell phone accessory store,5.0,,,"4, F 8/4 F-8, Islamabad, Pakistan",+92512701571,,https://www.google.com/maps/place/Apple+Man+All+Apple+phone+%26+Accessories,,"Accessibility: Wheelchair accessible parking lot, You're seeing a limited view of Google Maps., Learn more",iphone chargers,google_maps
Multi Mobile and computer,E11,Cell phone store,5.0,,,"Shop 1, plot 17 Markaz, MPCHS E-11/3 MPCHS E 11/3 E-11, Islamabad, 44000, Pakistan",+923249999550,,https://www.google.com/maps/place/Multi+Mobile+and+computer,,"General: See photos, 5.0, Cell phone store, Shop 1, plot 17 Markaz, MPCHS E-11/3 MPCHS E 11/3 E-11, Islamabad, 44000, Pakistan, Closed, · Opens 10:30 AM, Tuesday, 10:30 AM–1:30 AM, Suggest new hours, +92 324 9999550, PX3H+HP Islamabad, Pakistan, Identifies as women-owned, Add website, Add a photo, You're seeing a limited view of Google Maps., Learn more, Get the most out of Google Maps, Hours: Tuesday 10:30 AM–1:30 AM Suggest new hours",iphone chargers,google_maps
APPLE HUB STORE,I9,Electronics store,4.7,,,"OFFICE 10A 1ST FLOOR, Potohar Rd, near SALT N PAPPER RESTURENT, I-9/1 I 9/1 I-9, Islamabad, 44000, Pakistan",+923011155798,,https://www.google.com/maps/place/APPLE+HUB+STORE,,"General: See photos, 4.7, Electronics store, OFFICE 10A 1ST FLOOR, Potohar Rd, near SALT N PAPPER RESTURENT, I-9/1 I 9/1 I-9, Islamabad, 44000, Pakistan, Open, · Closes 8 AM · Reopens 11 AM, Tuesday, 12–8 AM, 11 AM–12 AM, Suggest new hours, +92 301 1155798, M334+P2 Islamabad, Pakistan, Add website, Add a photo, You're seeing a limited view of Google Maps., Learn more, Get the most out of Google Maps, Hours: Tuesday 12–8 AM 11 AM–12 AM Suggest new hours",iphone chargers,google_maps
iFocus | The Exclusive Apple Store,F8,Cell phone store,5.0,,,"Shop # 263, 2nd Floor, Centaurus Mall, F 8/4 F-8, 44000, Pakistan",+923006292370,https://i-focus.com.pk,https://www.google.com/maps/place/iFocus+%7C+The+Exclusive+Apple+Store,,"Accessibility: Wheelchair accessible entrance, Wheelchair accessible parking lot, Wheelchair accessible restroom, Wheelchair accessible seating, You're seeing a limited view of Google Maps., Learn more",iphone chargers,google_maps
UNI Store,G7,Computer store,3.4,10,10,"Shop#3A, Lower Ground Floor, Adeel Plaza, ground floor, shop no, 3 AKM Fazl-ul-Haq Rd, Block H G 7/2 Blue Area, Islamabad, 44000, Pakistan",+92512806398,,https://www.google.com/maps/place/UNI+Store,,"General: See photos, 3.9, Computer store, Shop#3A, Lower Ground Floor، Adeel Plaza, ground floor, shop no، 3 AKM Fazl-ul-Haq Rd, Block H G 7/2 Blue Area, Islamabad, 44000, Pakistan, Closed, · Opens 10:30 AM, Tuesday, 10:30 AM–8 PM, Suggest new hours, +92 51 2806398, P366+WX Islamabad, Pakistan, Claim this business, Add website, Add a photo, iStore ByZUBAIR, 3.4, (10), You're seeing a limited view of Google Maps., Learn more, Get the most out of Google Maps, Hours: Tuesday 10:30 AM–8 PM Suggest new hours",iphone chargers,google_maps
Mobile Software& Unlocking,G11,Cell phone store,4.8,,,"Friends mobile, Silver city plaza, markaz, G-11 Markaz G 11 Markaz G-11, Islamabad, 44000, Pakistan",+923436860755,,https://www.google.com/maps/place/Mobile+Software%F0%9F%93%B1%26+Unlocking%F0%9F%94%93,,"General: See photos, 4.8, Cell phone store, Friends mobile, Silver city plaza, markaz, G-11 Markaz G 11 Markaz G-11, Islamabad, 44000, Pakistan, Open 24 hours, Updated by this business 7 weeks ago, Tuesday, Suggest new hours, +92 343 6860755, MX9W+8M Islamabad, Pakistan, Add website, Add a photo, You're seeing a limited view of Google Maps., Learn more, Get the most out of Google Maps, Hours: Tuesday Open 24 hours Suggest new hours",iphone chargers,google_maps
Malik Mobiles and Computers,,Cell phone store,4.1,,,"Ali Plaza, Jhangi Seyadain, Jhangi Sayedan, Islamabad, Pakistan",+923035740136,https://facebook.com/mcmcommunication,https://www.google.com/maps/place/Malik+Mobiles+and+Computers,,"General: See photos, 4.1, Cell phone store, Ali Plaza, Jhangi Seyadain, Jhangi Sayedan, Islamabad, Pakistan, Closed, · Opens 9:30 AM, Tuesday, 9:30 AM–10 PM, Suggest new hours, facebook.com, +92 303 5740136, JWFX+6Q Islamabad, Pakistan, Add a photo, NADRA e-Sahulat Now Available at Malik Mobile & Computer We are pleased to announce that NADRA e-Sahulat services are now available at Malik Mobile & Computer. Available Facilities: All NADRA e-Sahulat services Car & Bike Transfer Biometric Biometric services for Punjab & Islamabad Identity verification and related services Get fast, secure, and reliable service under one roof. Visit Malik Mobile & Computer today for your convenience., Dec 20, 2025, You're seeing a limited view of Google Maps., Learn more, Get the most out of Google Maps, Hours: Tuesday 9:30 AM–10 PM Suggest new hours",iphone chargers,google_maps
IFocus | The Exclusive Apple Store,G7,Cell phone store,4.4,,,"Office # 03, Ground Floor, Azeem Mention, AKM Fazl-ul-Haq Rd, Block F G 7/3 Blue Area, Islamabad, 44000, Pakistan",+92512150103,https://i-focus.com.pk,https://www.google.com/maps/place/IFocus+%7C+The+Exclusive+Apple+Store,,"Accessibility: Wheelchair accessible entrance, Wheelchair accessible parking lot, You're seeing a limited view of Google Maps., Learn more",iphone chargers,google_maps
Apple Eyes (Apple Store),G7,Cell phone store,4.7,,,"Unit#3, Rehman Plaza, 75 East Fazal-e-Haq Road, Block G G 7/3 Blue Area, Islamabad, 44000, Pakistan",+923006562064,https://appleeyes.pk,https://www.google.com/maps/place/Apple+Eyes+%28Apple+Store%29,,"Accessibility: Wheelchair accessible entrance, Wheelchair accessible restroom, You're seeing a limited view of Google Maps., Learn more",iphone chargers,google_maps
Mobile Installment,G15,Cell phone store,5.0,,,"Floor 5, Sapphire Arcade, G-15 Markaz G 15 Markaz G-15, Islamabad, 44000, Pakistan",+923368004444,https://mobileinstallment.com,https://www.google.com/maps/place/Mobile+Installment,,"General: See photos, 5.0, Cell phone store, Floor 5, Sapphire Arcade, G-15 Markaz G 15 Markaz G-15, Islamabad, 44000, Pakistan, Open 24 hours, Tuesday, Suggest new hours, mobileinstallment.com, +92 336 8004444, JWJF+X2 Islamabad, Pakistan, Add a photo, You're seeing a limited view of Google Maps., Learn more, Get the most out of Google Maps, Hours: Tuesday Open 24 hours Suggest new hours",iphone chargers,google_maps
The Mobile Shop,G7,Cell phone store,4.2,,,"Shop 7 Ittehad Center, Fazal e Haq Rd, G 7/2 Blue Area, Islamabad, 44000, Pakistan",+923109111222,https://themobileshop.com.pk,https://www.google.com/maps/place/The+Mobile+Shop,,"General: See photos, 4.2, Cell phone store, Shop 7 Ittehad Center, Fazal e Haq Rd, G 7/2 Blue Area, Islamabad, 44000, Pakistan, Closed, · Opens 11 AM, Tuesday, 11 AM–10 PM, Suggest new hours, themobileshop.com.pk, +92 310 9111222, P366+MJ Islamabad, Pakistan, Add a photo, You're seeing a limited view of Google Maps., Learn more, Get the most out of Google Maps, Hours: Tuesday 11 AM–10 PM Suggest new hours",iphone chargers,google_maps
Mobile Island,G11,Cell phone store,5.0,,,"Al-ghaffar shoping mall, G-11 Markaz G 11 Markaz G-11, Islamabad, 44000, Pakistan",+923116600031,https://phonesdukan.com,https://www.google.com/maps/place/Mobile+Island,,"General: See photos, 5.0, Cell phone store, Al-ghaffar shoping mall, G-11 Markaz G 11 Markaz G-11, Islamabad, 44000, Pakistan, Closed, · Opens 10:30 AM, Updated by this business 10 weeks ago, Tuesday, 10:30 AM–10:30 PM, Suggest new hours, phonesdukan.com, +92 311 6600031, MX9X+89 Islamabad, Pakistan, Add a photo, Mobile phones easy Installment plan, May 6, 2026, Call now, You're seeing a limited view of Google Maps., Learn more, Get the most out of Google Maps, Hours: Tuesday 10:30 AM–10:30 PM Suggest new hours",iphone chargers,google_maps
Phones & laptops 4 U,I10,Cell phone store,4.8,,,"Shop #05, Al-Aseel Plaza, I-10 Markaz I 10 Markaz I-10, Islamabad, Pakistan",+923005175302,,https://www.google.com/maps/place/Phones+%26+laptops+4+U,,"General: See photos, 4.8, Cell phone store, Shop #05, Al-Aseel Plaza, I-10 Markaz I 10 Markaz I-10, Islamabad, Pakistan, Open 24 hours, Tuesday, Suggest new hours, +92 300 5175302, J2WP+JH Islamabad, Pakistan, Claim this business, Add website, Add a photo, You're seeing a limited view of Google Maps., Learn more, Get the most out of Google Maps, Hours: Tuesday Open 24 hours Suggest new hours",iphone chargers,google_maps
Everything Apple computer,G7,Computer store,4.8,,,"House Basement 7, Muhammad Gulistan Khan, AK Fazal-ul-Haq Rd, Block F, Blue Area, Islamabad, ICT, Fazl e haq road, G-7/3 G 7/3 Blue Area, Islamabad, 44000, Pakistan",+923336767261,https://facebook.com/profile.php,https://www.google.com/maps/place/Everything+Apple+computer,,"Accessibility: Wheelchair accessible entrance, Wheelchair accessible parking lot, Wheelchair accessible restroom, Wheelchair accessible seating, Assistive hearing loop, You're seeing a limited view of Google Maps., Learn more",iphone chargers,google_maps
Apple.store.pk,E11,Cell phone store,4.4,,,"Shop no. 2,3, Karsaaz Tower, II, Services Society SCHS E 11/2 E-11, Islamabad, 44000, Pakistan",+923025018696,,https://www.google.com/maps/place/Apple.store.pk,,"General: See photos, 4.4, Cell phone store, Shop no. 2,3, Karsaaz Tower, II, Services Society SCHS E 11/2 E-11, Islamabad, 44000, Pakistan, Closed, · Opens 1:30 PM, Tuesday, 1:30 PM–12:30 AM, Suggest new hours, +92 302 5018696, MXXF+W9 Islamabad, Pakistan, Add website, Add a photo, You're seeing a limited view of Google Maps., Learn more, Get the most out of Google Maps, Hours: Tuesday 1:30 PM–12:30 AM Suggest new hours",iphone chargers,google_maps
APPLE STORE | APPLE TECH,G6,Computer wholesaler,4.8,,,"APPLE STORE - Office 10-A, Mezzanine Floor Pothohar Plaza, Fazal-e-Haq Road G-6 Block D, Blue Area, G 6/2 G-6, Islamabad, 44000, Pakistan",+923335080952,https://ptechmart.com,https://www.google.com/maps/place/APPLE+STORE+%7C+APPLE+TECH,,"Accessibility: Wheelchair accessible restroom, Wheelchair accessible seating, You're seeing a limited view of Google Maps., Learn more",iphone chargers,google_maps
Mac Tech,G7,Computer store,4.9,,,"Shop # 4, Eagle Plaza, Fazal-e-Haq Road, Block G G 7/3 Blue Area, Islamabad, 44000, Pakistan",+92512803247,https://mactech.pk,https://www.google.com/maps/place/Mac+Tech,,"General: See photos, 4.9, Computer store, Shop # 4, Eagle Plaza, Fazal-e-Haq Road, Block G G 7/3 Blue Area, Islamabad, 44000, Pakistan, Located in: Rehman Plaza, Closed, · Opens 9 AM, Tuesday, 9 AM–9 PM, Suggest new hours, mactech.pk, +92 51 2803247, P378+G6 Islamabad, Pakistan, Add a photo, You're seeing a limited view of Google Maps., Learn more, Get the most out of Google Maps, Hours: Tuesday 9 AM–9 PM Suggest new hours",iphone chargers,google_maps
Accessories HUB,LG20,Cell phone accessory store,4.9,,,"Shop no LG 20, Noor mobile mall, 6th Rd, Satellite Town, Rawalpindi, 46000, Pakistan",+923415969519,,https://www.google.com/maps/place/Accessories+HUB,,"General: See photos, 4.9, Cell phone accessory store, Shop no LG 20, Noor mobile mall, 6th Rd, Satellite Town, Rawalpindi, 46000, Pakistan, Closed, · Opens 12 PM, Tuesday, 12–9 PM, Suggest new hours, +92 341 5969519, J3VF+49 Rawalpindi, Pakistan, Add website, Add a photo, You're seeing a limited view of Google Maps., Learn more, Get the most out of Google Maps, Hours: Tuesday 12–9 PM Suggest new hours",iphone chargers,google_maps
The Gadget Store,E11,Mobile phone repair shop,4.6,,,"Shop No, askaan centre, 10 Street 63, MPCHS E-11/3 MPCHS E 11/3 E-11, Islamabad, 44000, Pakistan",+923119999550,,https://www.google.com/maps/place/The+Gadget+Store,,"Accessibility: Assistive hearing loop, Wheelchair accessible entrance, Wheelchair accessible parking lot, Wheelchair accessible restroom, Wheelchair accessible seating, You're seeing a limited view of Google Maps., Learn more",iphone chargers,google_maps
Apple Mobile & Repairing lab,G13,Electronics store,4.3,,,"shop 5 Ground floor, Street 110, G-13 Markaz G 13/1 G-13, Islamabad, 44000, Pakistan",+923152507272,,https://www.google.com/maps/place/Apple+Mobile+%26+Repairing+lab,,"General: See photos, 4.3, Electronics store, shop 5 Ground floor, Street 110, G-13 Markaz G 13/1 G-13, Islamabad, 44000, Pakistan, Closed, · Opens 9 AM, Tuesday, 9 AM–12 AM, Suggest new hours, +92 315 2507272, JXW7+6G Islamabad, Pakistan, Add website, Add a photo, You're seeing a limited view of Google Maps., Learn more, Get the most out of Google Maps, Hours: Tuesday 9 AM–12 AM Suggest new hours",iphone chargers,google_maps
Beeps & Bells Apple store,,Cell phone store,4.2,,,"Shop 11 , 12, shahbaz plaza, Shahbaz Plaza Building, 104 Bank Rd, next to ghakhar plaza, MPCHS Saddar, Rawalpindi, 46000, Pakistan",+923218509997,,https://www.google.com/maps/place/Beeps+%26+Bells+Apple+store,,"Accessibility: Wheelchair accessible parking lot, You're seeing a limited view of Google Maps., Learn more",iphone chargers,google_maps
While Geek,,Computer store,4.8,,,"While Geek, Daud Plaza, 2 Awan Market Rd, Sector Khayaban e Sir Syed, Rawalpindi, 46350, Pakistan",+923061301661,https://whilegeek.com,https://www.google.com/maps/place/While+Geek,,"Accessibility: Wheelchair accessible entrance, Wheelchair accessible parking lot, Wheelchair accessible restroom, Wheelchair accessible seating, You're seeing a limited view of Google Maps., Learn more",iphone chargers,google_maps
Apple world,UG64,Cell phone store,4.9,,,"Shop number UG-64, Techno city 2 plaza, 6th Rd, opposite Dubai Plaza, Dhoke Paracha, Rawalpindi, 44000, Pakistan",+923115552545,,https://www.google.com/maps/place/Apple+world,,"General: See photos, 4.9, Cell phone store, Shop number UG-64, Techno city 2 plaza, 6th Rd, opposite Dubai Plaza, Dhoke Paracha, Rawalpindi, 44000, Pakistan, Closed, · Opens 11 AM, Tuesday, 11 AM–11 PM, Suggest new hours, +92 311 5552545, J3RH+P6 Rawalpindi, Pakistan, Add website, Add a photo, You're seeing a limited view of Google Maps., Learn more, Get the most out of Google Maps, Hours: Tuesday 11 AM–11 PM Suggest new hours",iphone chargers,google_maps
Max Mobile's & Accessorie's,,Cell phone store,4.5,,,"Dhok Paracha, Islamabad, Pakistan",+923361222297,,https://www.google.com/maps/place/Max+Mobile%27s+%26+Accessorie%27s,,"Accessibility: Assistive hearing loop, Wheelchair accessible restroom, Wheelchair accessible seating, You're seeing a limited view of Google Maps., Learn more",iphone chargers,google_maps
The Mobile Store,F11,Cell phone store,4.6,,,"Shop # 6, Bizzon Plaza, F-11 Markaz F 11 Markaz F-11, Islamabad, 44000, Pakistan",+923338555060,https://whatsapp.com/channel/0029VbBFvcaGpLHRGtPDRA1L,https://www.google.com/maps/place/The+Mobile+Store,,"Accessibility: Wheelchair accessible seating, Assistive hearing loop, Wheelchair accessible restroom, You're seeing a limited view of Google Maps., Learn more",iphone chargers,google_maps
Spiral Gadgets F11,F11,Cell phone store,4.0,,,"Hilal Rd, F-11 Markaz F 11 Markaz F-11, Islamabad, 44000, Pakistan",+923215776666,,https://www.google.com/maps/place/Spiral+Gadgets+F11,,"Accessibility: Wheelchair accessible restroom, Wheelchair accessible entrance, Wheelchair accessible parking lot, Wheelchair accessible seating, You're seeing a limited view of Google Maps., Learn more",iphone chargers,google_maps
Rafles Studio Apple Store,G25,Electronics store,4.3,,,"Shop G-25 , Ground Floor, Midway Centrum, Murree Rd, D Block Block D Satellite Town, Rawalpindi, 46000, Pakistan",+923014757522,,https://www.google.com/maps/place/Rafles+Studio+Apple+Store,,"Accessibility: Wheelchair accessible entrance, You're seeing a limited view of Google Maps., Learn more",iphone chargers,google_maps
trust mobile & laptop repairing shop i10 markaz,I10,Mobile phone repair shop,4.9,,,"shop #06, umar shoping centar, i10 markaz, I-10 Markaz I 10 Markaz I-10, Islamabad, 44800, Pakistan",+923006068998,,https://www.google.com/maps/place/trust+mobile+%26+laptop+repairing+shop+i10+markaz,,"General: See photos, 4.9, Mobile phone repair shop, shop #06, umar shoping centar, i10 markaz, I-10 Markaz I 10 Markaz I-10, Islamabad, 44800, Pakistan, Open 24 hours, Tuesday, Suggest new hours, +92 300 6068998, J2WP+GC Islamabad, Pakistan, Add website, Add a photo, You're seeing a limited view of Google Maps., Learn more, Get the most out of Google Maps, Hours: Tuesday Open 24 hours Suggest new hours",iphone chargers,google_maps
Apple Center,G7,Cell phone store,4.7,,,"Unit# 5, Rahman Plaza, 75 West Fazal e Haq Road, Block G G 7/3 Blue Area, Islamabad, Pakistan",+923184441444,,https://www.google.com/maps/place/Apple+Center,,"General: See photos, 4.7, Cell phone store, Unit# 5, Rahman Plaza, 75 West Fazal e Haq Road, Block G G 7/3 Blue Area, Islamabad, Pakistan, Located in: Rehman Plaza, Closed, · Opens 9 AM, Tuesday, 9 AM–10 PM, Suggest new hours, +92 318 4441444, P378+J9 Islamabad, Pakistan, Claim this business, Add website, Add a photo, You're seeing a limited view of Google Maps., Learn more, Get the most out of Google Maps, Hours: Tuesday 9 AM–10 PM Suggest new hours",iphone chargers,google_maps
MOIZ MOBILE & GADGETS,E16,Cell phone store,5.0,,,"21, Cabinet Division Employees CHS E-16/3 E-16, Islamabad, 45230, Pakistan",+923315066809,,https://www.google.com/maps/place/MOIZ+MOBILE+%26+GADGETS,,"General: See photos, 5.0, Cell phone store, 21, Cabinet Division Employees CHS E-16/3 E-16, Islamabad, 45230, Pakistan, Closed, · Opens 10:30 AM, Tuesday, 10:30 AM–11 PM, Suggest new hours, +92 331 5066809, MV5Q+93 Islamabad, Pakistan, Add website, Add a photo, You're seeing a limited view of Google Maps., Learn more, Get the most out of Google Maps, Hours: Tuesday 10:30 AM–11 PM Suggest new hours",iphone chargers,google_maps
Atta Naqib Mobile Zone,,Cell phone store,5.0,,,"Nauroz Plaza, Fatehjang Rd, Tarnol, Islamabad, 44000, Pakistan",+923345374837,,https://www.google.com/maps/place/Atta+Naqib+Mobile+Zone,,"General: 5.0, Cell phone store, JWX5+88V, Nauroz Plaza, Fatehjang Rd, Tarnol, Islamabad, 44000, Pakistan, Closed, · Opens 10 AM, Tuesday, 10 AM–8 PM, Suggest new hours, +92 334 5374837, Claim this business, Add website, Add a photo, You're seeing a limited view of Google Maps., Learn more, Get the most out of Google Maps, Hours: Tuesday 10 AM–8 PM Suggest new hours",iphone chargers,google_maps
ANZ Mobile,I10,Cell phone store,4.8,,,"Shahnawaz Plaza, Shop 06, Sohni Rd, 1 Markaz I 10 Markaz I-10, Islamabad, 44000, Pakistan",+923150502736,,https://www.google.com/maps/place/ANZ+Mobile,,"General: See photos, 4.8, Cell phone store, Shahnawaz Plaza, Shop 06, Sohni Rd, 1 Markaz I 10 Markaz I-10, Islamabad, 44000, Pakistan, +92 315 0502736, J2WP+GF Islamabad, Pakistan, Claim this business, Add hours, Add website, Add a photo, You're seeing a limited view of Google Maps., Learn more, Get the most out of Google Maps",iphone chargers,google_maps
Apple Islamabad Communications,G7,Cell phone store,4.7,,,"Shop 12g, Ittehad center, Block H G 7/2 Blue Area, Islamabad, 44000, Pakistan",+923485225822,,https://www.google.com/maps/place/Apple+Islamabad+Communications,,"Accessibility: Assistive hearing loop, Wheelchair accessible entrance, Wheelchair accessible parking lot, Wheelchair accessible seating, Wheelchair accessible restroom, You're seeing a limited view of Google Maps., Learn more",iphone chargers,google_maps
"Friends laptop, consoles,and mobile accessories",F17,Mobile phone repair shop,5.0,,,"F-17 Main Rd, near sardar mart, markaz F-17/2 F-17, Islamabad, Pakistan",+923002757414,,"https://www.google.com/maps/place/Friends+laptop,+consoles,and+mobile+accessories",,"General: See photos, 5.0, Mobile phone repair shop, F-17 Main Rd, near sardar mart, markaz F-17/2 F-17, Islamabad, Pakistan, Closed, · Opens 4 PM, Tuesday, 4 PM–12:30 AM, Suggest new hours, +92 300 2757414, JVJH+7Q Islamabad, Pakistan, Add website, Add a photo, You're seeing a limited view of Google Maps., Learn more, Get the most out of Google Maps, Hours: Tuesday 4 PM–12:30 AM Suggest new hours",iphone chargers,google_maps
ProFix Phone Repair Services,G11,Mobile phone repair shop,4.8,,,"Silver City Plaza, Markaz, G-11 Markaz G 11 Markaz G-11, Islamabad, 47000, Pakistan",+923106164303,https://profix.website,https://www.google.com/maps/place/ProFix+Phone+Repair+Services,,"Accessibility: Assisted listening devices, Assistive hearing loop, Wheelchair accessible entrance, Wheelchair accessible parking lot, Wheelchair accessible restroom, Wheelchair accessible seating, You're seeing a limited view of Google Maps., Learn more",iphone chargers,google_maps
Samsung Outlet Minhas Com....,F11,Cell phone store,4.8,,,"shop number 10, Lord Trade Centre, F-11 Markaz F 11 Markaz F-11, Islamabad, Pakistan",+92512107444,,https://www.google.com/maps/place/Samsung+Outlet+Minhas+Com....,,"General: See photos, 4.8, Cell phone store, shop number 10, Lord Trade Centre, F-11 Markaz F 11 Markaz F-11, Islamabad, Pakistan, Located in: Lord Trade Centre, Closed, · Opens 10 AM, Tuesday, 10 AM–11 PM, Suggest new hours, +92 51 2107444, MXMQ+7F Islamabad, Pakistan, Add website, Add a photo, You're seeing a limited view of Google Maps., Learn more, Get the most out of Google Maps, Hours: Tuesday 10 AM–11 PM Suggest new hours",iphone chargers,google_maps
Cellz & Computerz,F11,Cell phone store,4.4,,,"Showroom No.8, Hamza Plaza, Hilal Rd, F-11 Markaz F 11 Markaz F-11, Islamabad, Pakistan",+923005585884,https://computerz.pk,https://www.google.com/maps/place/Cellz+%26+Computerz,,"General: See photos, 4.4, Cell phone store, Showroom No.8, Hamza Plaza, Hilal Rd, F-11 Markaz F 11 Markaz F-11, Islamabad, Pakistan, Located in: Sardar Arcade, Closed, · Opens 11:30 AM, Tuesday, 11:30 AM–10 PM, Suggest new hours, computerz.pk, +92 300 5585884, MXMP+8X Islamabad, Pakistan, Add a photo, You're seeing a limited view of Google Maps., Learn more, Get the most out of Google Maps, Hours: Tuesday 11:30 AM–10 PM Suggest new hours",iphone chargers,google_maps
Cell City 1 Islamabad,G13,Cell phone store,3.4,,,"36 Street 108, G-13/1 G 13/1 G-13, Islamabad, Pakistan",+923022773194,,https://www.google.com/maps/place/Cell+City+1+Islamabad,,"General: See photos, 3.4, Cell phone store, 36 Street 108, G-13/1 G 13/1 G-13, Islamabad, Pakistan, Closed, · Opens 10:30 AM, Tuesday, 10:30 AM–11:30 PM, Suggest new hours, +92 302 2773194, JXW7+2J Islamabad, Pakistan, Add website, Add a photo, You're seeing a limited view of Google Maps., Learn more, Get the most out of Google Maps, Hours: Tuesday 10:30 AM–11:30 PM Suggest new hours",iphone chargers,google_maps
Apple's Vision,I8,Cell phone store,4.9,,,"Markaz, next to Hair Saloon, near Habibi Restaurant & M&P couriers, I-8 Markaz I 8 Markaz I-8, Islamabad, Pakistan",+923333440002,,https://www.google.com/maps/place/Apple%27s+Vision,,"General: See photos, 4.9, Cell phone store, Markaz, next to Hair Saloon, near Habibi Restaurant & M&P couriers, I-8 Markaz I 8 Markaz I-8, Islamabad, Pakistan, Located in: VIP Plaza, +92 333 3440002, M38F+PQ Islamabad, Pakistan, Claim this business, Add hours, Add website, Add a photo, You're seeing a limited view of Google Maps., Learn more, Get the most out of Google Maps",iphone chargers,google_maps
Tech Studio | Apple Studio,NO1,Cell phone store,4.8,,,"Shop No 1, Super Market, Block E, F-6 Markaz F 6 Markaz F-6, Islamabad, 44000, Pakistan",+923257865557,,https://www.google.com/maps/place/Tech+Studio+%7C+Apple+Studio,,"Accessibility: Wheelchair accessible entrance, Wheelchair accessible parking lot, Wheelchair accessible restroom, Wheelchair accessible seating, You're seeing a limited view of Google Maps., Learn more",iphone chargers,google_maps
Mobile Boss and computer,E11,Mobile phone repair shop,4.9,,,"Street No. 45, markaz SCHS E 11/2 E-11, Islamabad, 44800, Pakistan",+923000294898,,https://www.google.com/maps/place/Mobile+Boss+and+computer,,"General: See photos, 4.9, Mobile phone repair shop, Street No. 45, markaz SCHS E 11/2 E-11, Islamabad, 44800, Pakistan, Closes soon, · 2 AM · Reopens 9 AM, Tuesday, 9 AM–2 AM, Suggest new hours, +92 300 0294898, PX2F+4C Islamabad, Pakistan, Add website, Add a photo, You're seeing a limited view of Google Maps., Learn more, Get the most out of Google Maps, Hours: Tuesday 9 AM–2 AM Suggest new hours",iphone chargers,google_maps
Friends Mobile Systems Akhter Plaza,,Store,4.3,,,"46000, New Katarian Satellite Town, 46000, Pakistan",+92515111416,,https://www.google.com/maps/place/Friends+Mobile+Systems+Akhter+Plaza,,"General: See photos, 4.3, Store, 46000, New Katarian Satellite Town, 46000, Pakistan, Closed, · Opens 10 AM, Tuesday, 10 AM–10 PM, Suggest new hours, +92 51 5111416, J3W6+W4 Satellite Town, Rawalpindi, Pakistan, Add website, Add a photo, You're seeing a limited view of Google Maps., Learn more, Get the most out of Google Maps, Hours: Tuesday 10 AM–10 PM Suggest new hours",iphone chargers,google_maps
Al Syed Mobiles & Gadgets Since. 2006 i-8 Markaz Islamabad,I8,Cell phone store,4.8,,,"I-8 Markaz I 8 Markaz I-8, Islamabad, 44000, Pakistan",+923335147779,,https://www.google.com/maps/place/Al+Syed+Mobiles+%26+Gadgets+Since.+2006+i-8+Markaz+Islamabad,,"Accessibility: Wheelchair accessible parking lot, You're seeing a limited view of Google Maps., Learn more",iphone chargers,google_maps
Mobile Empire G9 Markaz Islamabad,G9,Cell phone store,4.6,,,"Shop 16 Ground floor Paragon Centre Mangla Rd, Markaz, G-9 Markaz G-9 Islamabad, 44000, Pakistan",+923009797672,,https://www.google.com/maps/place/Mobile+Empire+G9+Markaz+Islamabad,,"General: See photos, 4.6, Cell phone store, Shop 16 Ground floor Paragon Centre Mangla Rd, Markaz, G-9 Markaz G-9 Islamabad, 44000, Pakistan, Located in: Paragon Centre, Closed, · Opens 10:30 AM, Tuesday, 10:30 AM–10 PM, Suggest new hours, +92 300 9797672, M2RM+82 Islamabad, Pakistan, Add website, Add a photo, MOBI.LINE, No reviews, Mobile phone repair shop, · Opens 8 AM, You're seeing a limited view of Google Maps., Learn more, Get the most out of Google Maps, Hours: Tuesday 10:30 AM–10 PM Suggest new hours",iphone chargers,google_maps
Future Tech (Apple Authorized Service Provider),B,Mobile phone repair shop,3.9,,,"Main Murree Road, Chandni Chowk Flyover, B-Block Block B Satellite Town, Rawalpindi, 46000, Pakistan",+92514571091,https://futuretech.pk,https://www.google.com/maps/place/Future+Tech+%28Apple+Authorized+Service+Provider%29,,"General: See photos, 3.9, Mobile phone repair shop, Main Murree Road, Chandni Chowk Flyover, B-Block Block B Satellite Town, Rawalpindi, 46000, Pakistan, Closed, · Opens 10:30 AM, Tuesday, 10:30 AM–5:30 PM, Suggest new hours, futuretech.pk, +92 51 4571091, J3MF+76 Rawalpindi, Pakistan, Add a photo, You're seeing a limited view of Google Maps., Learn more, Get the most out of Google Maps, Hours: Tuesday 10:30 AM–5:30 PM Suggest new hours",iphone chargers,google_maps
"Tech planet mobile, computer & EasyPaisa Shop",E11,Cell phone accessory store,3.7,,,"Shop#4 LG,Paradise Arcade, near M Store & Al Jannat Milk Shop, SCHS E 11/3 E-11, Islamabad, 44000, Pakistan",+923157396160,https://techfakesfraud.com,"https://www.google.com/maps/place/Tech+planet+mobile,+computer+%26+EasyPaisa+Shop",,"General: See photos, 3.7, Cell phone accessory store, Shop#4 LG,Paradise Arcade, near M Store & Al Jannat Milk Shop, SCHS E 11/3 E-11, Islamabad, 44000, Pakistan, Open, · Closes 3 AM · Reopens 9 AM, Tuesday, 9 AM–3 AM, Suggest new hours, techfakesfraud.com, +92 315 7396160, MXXF+X7 Islamabad, Pakistan, Add a photo, You're seeing a limited view of Google Maps., Learn more, Get the most out of Google Maps, Hours: Tuesday 9 AM–3 AM Suggest new hours",iphone chargers,google_maps
Al Shahbaz Mobiles,,Cell phone store,4.1,,,"Golra Rd, Islamabad, Pakistan",+923353000059,,https://www.google.com/maps/place/Al+Shahbaz+Mobiles,,"Accessibility: Wheelchair accessible entrance, Wheelchair accessible parking lot, You're seeing a limited view of Google Maps., Learn more",iphone chargers,google_maps
Apple Corner,G7,Cell phone store,5.0,6,6,"Shop No 8B, Mehmood Plaza, Fazal e Haq Road, Blue Area, G 7/3 G-7, Islamabad, 44000, Pakistan",+923481158147,,https://www.google.com/maps/place/Apple+Corner,,"General: See photos, 5.0, Cell phone store, Shop No 8B, Mehmood Plaza, Fazal e Haq Road, Blue Area, G 7/3 G-7, Islamabad, 44000, Pakistan, Closed, · Opens 9:30 AM, Tuesday, 9:30 AM–11 PM, Suggest new hours, +92 348 1158147, P378+RP Islamabad, Pakistan, Add website, Add a photo, EasyFix iphone /Samsung Store, (6), Mobile phone repair shop, ·, Floor 0, · Opens 11 AM, You're seeing a limited view of Google Maps., Learn more, Get the most out of Google Maps, Hours: Tuesday 9:30 AM–11 PM Suggest new hours",iphone chargers,google_maps
Apple store 360,H103,Electronics store,4.3,,,"H103 Bank Rd, Saddar, Rawalpindi, 46000, Pakistan",+923005333223,,https://www.google.com/maps/place/Apple+store+360,,"General: See photos, 4.3, Electronics store, H103 Bank Rd, Saddar, Rawalpindi, 46000, Pakistan, Closed, · Opens 11 AM, Tuesday, 11 AM–10:30 PM, Suggest new hours, +92 300 5333223, H2XX+CP Rawalpindi, Pakistan, Add website, Add a photo, You're seeing a limited view of Google Maps., Learn more, Get the most out of Google Maps, Hours: Tuesday 11 AM–10:30 PM Suggest new hours",iphone chargers,google_maps
You Belong To U,I10,Cell phone store,4.5,,,"Shahnawaz Plaza Sohni Rd, Markaz, Sector I-10/1 I 10/1 I-10, Islamabad, 44000, Pakistan",+923364441115,https://anzcollections.myshopify.com,https://www.google.com/maps/place/You+Belong+To+U,,"General: See photos, 4.5, Cell phone store, Shahnawaz Plaza Sohni Rd, Markaz, Sector I-10/1 I 10/1 I-10, Islamabad, 44000, Pakistan, Closed, · Opens 11 AM, Tuesday, 11 AM–11 PM, Suggest new hours, anzcollections.myshopify.com, +92 336 4441115, J2VP+V3 Islamabad, Pakistan, Add a photo, You're seeing a limited view of Google Maps., Learn more, Get the most out of Google Maps, Hours: Tuesday 11 AM–11 PM Suggest new hours",iphone chargers,google_maps
Play Store,,Electronics store,4.1,,,"Saddar, Rawalpindi, 46000, Pakistan",+92515000000,,https://www.google.com/maps/place/Play+Store,,"General: See photos, 4.1, Electronics store, Saddar, Rawalpindi, 46000, Pakistan, Located in: Singapore Plaza, Closed, · Opens 12 PM, Tuesday, 12–10 PM, Suggest new hours, +92 51 5000000, H3V4+P3 Rawalpindi, Pakistan, Add website, Add a photo, You're seeing a limited view of Google Maps., Learn more, Get the most out of Google Maps, Hours: Tuesday 12–10 PM Suggest new hours",iphone chargers,google_maps
IPhone Accessories,B,Computer accessories store,,,,"OFFICE 19 PLAZA 411-B, Mughal Arcade, 4th Road, B-Block Block B Satellite Town, Rawalpindi, 46000, Pakistan",+923298222111,,https://www.google.com/maps/place/IPhone+Accessories,,"General: See photos, Computer accessories store, OFFICE 19 PLAZA 411-B, Mughal Arcade, 4th Road, B-Block Block B Satellite Town, Rawalpindi, 46000, Pakistan, Open 24 hours, Tuesday, Suggest new hours, +92 329 8222111, J3MC+G4 Rawalpindi, Pakistan, Add website, Add a photo, You're seeing a limited view of Google Maps., Learn more, Get the most out of Google Maps, Hours: Tuesday Open 24 hours Suggest new hours",iphone chargers,google_maps
Friend Mobile Zone and Reparing center G11 Markaz,G11,Electronics store,5.0,,,"Silver city plaza, near faisal cloth, G-11 Markaz G 11 Markaz G-11, Islamabad, 44090, Pakistan",+923439427929,,https://www.google.com/maps/place/Friend+Mobile+Zone+and+Reparing+center+G11+Markaz,,"General: See photos, 5.0, Electronics store, Silver city plaza, near faisal cloth, G-11 Markaz G 11 Markaz G-11, Islamabad, 44090, Pakistan, Closed, · Opens 10 AM, Tuesday, 10 AM–11 PM, Suggest new hours, +92 343 9427929, MX9W+9P Islamabad, Pakistan, Add website, Add a photo, You're seeing a limited view of Google Maps., Learn more, Get the most out of Google Maps, Hours: Tuesday 10 AM–11 PM Suggest new hours",iphone chargers,google_maps
New Apple Store,NO6,Cell phone store,5.0,,,"Shop No 6 Lower Ground, Rania Mall, Bank Rd, Saddar, Rawalpindi, 46000, Pakistan",+923335189953,,https://www.google.com/maps/place/New+Apple+Store,,"General: See photos, 5.0, Cell phone store, Shop No 6 Lower Ground, Rania Mall, Bank Rd, Saddar, Rawalpindi, 46000, Pakistan, Closed, · Opens 11:30 AM, Tuesday, 11:30 AM–10 PM, Suggest new hours, +92 333 5189953, H3W3+48 Rawalpindi, Pakistan, Add website, Add a photo, You're seeing a limited view of Google Maps., Learn more, Get the most out of Google Maps, Hours: Tuesday 11:30 AM–10 PM Suggest new hours",iphone chargers,google_maps
APPLE STORE | SAFA GOLD MALL,S36,Cell phone store,4.3,,,"S36 Ground Floor 7, Shop No, F7 College Rd, F 7 Markaz F-7, Islamabad, 44000, Pakistan",+923374944449,,https://www.google.com/maps/place/APPLE+STORE+%7C+SAFA+GOLD+MALL,,"Accessibility: Wheelchair accessible parking lot, Wheelchair accessible restroom, Wheelchair accessible seating, You're seeing a limited view of Google Maps., Learn more",iphone chargers,google_maps
Ezzy Store Mobile Accessories & Repairing,NO1,Mobile phone repair shop,5.0,,,"St No 1 Muhalla Ahmedabad Dhamial Road, Chakri Rd - Dhamial Rd Link, Ahmedabad, Rawalpindi, Pakistan",+923354321333,https://whatsapp.com/channel/0029Vb63dGV4yltV8nLzZv0Z,https://www.google.com/maps/place/Ezzy+Store+Mobile+Accessories+%26+Repairing,,"General: See photos, 5.0, Mobile phone repair shop, St No 1 Muhalla Ahmedabad Dhamial Road, Chakri Rd - Dhamial Rd Link, Ahmedabad, Rawalpindi, Pakistan, Closed, · Opens 9 AM, Tuesday, 9 AM–11 PM, Suggest new hours, whatsapp.com, +92 335 4321333, H29G+W8 Rawalpindi, Pakistan, Add a photo, You're seeing a limited view of Google Maps., Learn more, Get the most out of Google Maps, Hours: Tuesday 9 AM–11 PM Suggest new hours",iphone chargers,google_maps
Haider Apple & Gadgets,G7,Cell phone store,4.8,,,"Shop # 4, Itehad plaza, opposite Fazal e Haq Road, G-7/3 G 7/2 Blue Area, Islamabad, 44000, Pakistan",+923307070567,,https://www.google.com/maps/place/Haider+Apple+%26+Gadgets,,"General: See photos, 4.8, Cell phone store, Shop # 4, Itehad plaza, opposite Fazal e Haq Road, G-7/3 G 7/2 Blue Area, Islamabad, 44000, Pakistan, Located in: Rehman Plaza, Closed, · Opens 10:30 AM, Tuesday, 10:30 AM–10:30 PM, Suggest new hours, +92 330 7070567, P365+6V Islamabad, Pakistan, Add website, Add a photo, You're seeing a limited view of Google Maps., Learn more, Get the most out of Google Maps, Hours: Tuesday 10:30 AM–10:30 PM Suggest new hours",iphone chargers,google_maps
zn capital mobile zone and repairing & photo copy printing center,F15,Cell phone store,5.0,,,"1 Street 12, F-15/1 G-15, Islamabad, Pakistan",+923145867990,,https://www.google.com/maps/place/zn+capital+mobile+zone+and+repairing+%26+photo+copy+printing+center,,"General: See photos, 5.0, Cell phone store, 1 Street 12, F-15/1 G-15, Islamabad, Pakistan, Closed, · Opens 10 AM, Tuesday, 10 AM–10 PM, Suggest new hours, +92 314 5867990, JWQ9+V6 Islamabad, Pakistan, Claim this business, Add website, Add a photo, You're seeing a limited view of Google Maps., Learn more, Get the most out of Google Maps, Hours: Tuesday 10 AM–10 PM Suggest new hours",iphone chargers,google_maps
Apple M STORE,NO24,Cell phone store,5.0,,,"Shop no 24-A block num 12-c, jinnah, F-7 Markaz F 7 Markaz F-7, supper, 44000, Pakistan",+923175666179,,https://www.google.com/maps/place/Apple+M+STORE,,"Accessibility: Wheelchair accessible restroom, Wheelchair accessible seating, You're seeing a limited view of Google Maps., Learn more",iphone chargers,google_maps
Apple One.pk,G2,Cell phone store,4.4,,,"Shop G2 G3, business centre, 3B, I 8 Markaz I-8, Islamabad, Pakistan",+92514440646,,https://www.google.com/maps/place/Apple+One.pk,,"General: See photos, 4.4, Cell phone store, Shop G2 G3, business centre, 3B, I 8 Markaz I-8, Islamabad, Pakistan, Closed, · Opens 12 PM, Tuesday, 12–11:30 PM, Suggest new hours, +92 51 4440646, M39F+5Q Islamabad, Pakistan, Add website, Add a photo, ارمان اسٹام چیمبر, No reviews, Association / Organization, Open 24 hours, You're seeing a limited view of Google Maps., Learn more, Get the most out of Google Maps, Hours: Tuesday 12–11:30 PM Suggest new hours",iphone chargers,google_maps
Mobile Mart,I8,Cell phone store,5.0,,,"I-8 Markaz I 8 Markaz I-8, Islamabad, 46000, Pakistan",+923189861941,https://instagram.com/mobile_mart9,https://www.google.com/maps/place/Mobile+Mart,,"General: See photos, 5.0, Cell phone store, I-8 Markaz I 8 Markaz I-8, Islamabad, 46000, Pakistan, Closed, · Opens 3 PM, Tuesday, 3–11 PM, Suggest new hours, instagram.com, +92 318 9861941, M39G+FM Islamabad, Pakistan, Add a photo, You're seeing a limited view of Google Maps., Learn more, Get the most out of Google Maps, Hours: Tuesday 3–11 PM Suggest new hours",iphone chargers,google_maps
Unique Mobile & Repairing Lab Computer Laptop Software Shop and Data Recovery Center,G13,Cell phone store,4.2,,,"Shop#3, Street 103, G-13/1 G 13/1 G-13, Islamabad, 44000, Pakistan",,,https://www.google.com/maps/place/Unique+Mobile+%26+Repairing+Lab+Computer+Laptop+Software+Shop+and+Data+Recovery+Center,,"Accessibility: Wheelchair accessible entrance, You're seeing a limited view of Google Maps., Learn more",iphone chargers,google_maps
CELL POINT-2,F10,Cell phone accessory store,4.9,,,"Azam Mobile Market, Markaz, F-10 Markaz F 10/3 F-10, Islamabad, 44000, Pakistan",+923165872188,,https://www.google.com/maps/place/CELL+POINT-2,,"General: See photos, 4.9, Cell phone accessory store, Azam Mobile Market, Markaz, F-10 Markaz F 10/3 F-10, Islamabad, 44000, Pakistan, Closed, · Opens 10 AM, Tuesday, 10 AM–11 PM, Suggest new hours, +92 316 5872188, M2W6+HP Islamabad, Pakistan, Add website, Add a photo, You're seeing a limited view of Google Maps., Learn more, Get the most out of Google Maps, Hours: Tuesday 10 AM–11 PM Suggest new hours",iphone chargers,google_maps
MOBILE ZONE,G11,Cell phone store,,,,"Shop #G-11, zamzam plaza, main GT Road, G 11/2 Singhpura, Lahore, Pakistan",,,https://www.google.com/maps/place/MOBILE+ZONE,,"General: Cell phone store, Shop #G-11, zamzam plaza, main GT Road, G 11/2 Singhpura, Lahore, Pakistan, MX9W+QV G 11/2, G-11, Islamabad, Pakistan, Claim this business, Add place's phone number, Add hours, Add website, Add a photo, You're seeing a limited view of Google Maps., Learn more, Get the most out of Google Maps",iphone chargers,google_maps
Gadgets Store,NO39,Cell phone store,4.8,,,"shop no 39,40 Basement, Bank, Singapore Plaza, Road, Saddar, Rawalpindi, 46000, Pakistan",+923149672353,https://gadgetsstorepk.com,https://www.google.com/maps/place/Gadgets+Store,,"General: See photos, 4.8, Cell phone store, shop no 39,40 Basement, Bank, Singapore Plaza, Road, Saddar, Rawalpindi, 46000, Pakistan, Closed, · Opens 12:30 PM, Tuesday, 12:30–11 PM, Suggest new hours, gadgetsstorepk.com, +92 314 9672353, H3V4+P3 Rawalpindi, Pakistan, Add a photo, You're seeing a limited view of Google Maps., Learn more, Get the most out of Google Maps, Hours: Tuesday 12:30–11 PM Suggest new hours",iphone chargers,google_maps
Apple hub,E11,Cell phone store,5.0,,,"shop 1 karsaz tower 2 apple hub shop 1 karsaz tower 2 e11/2, SCHS E 11/3 E-11, Islamabad, 44000, Pakistan",+923337688867,,https://www.google.com/maps/place/Apple+hub,,"General: See photos, 5.0, Cell phone store, shop 1 karsaz tower 2 apple hub shop 1 karsaz tower 2 e11/2, SCHS E 11/3 E-11, Islamabad, 44000, Pakistan, Closed, · Opens 12 PM, Tuesday, 12 PM–12 AM, Suggest new hours, +92 333 7688867, MXXF+WC Islamabad, Pakistan, Add website, Add a photo, You're seeing a limited view of Google Maps., Learn more, Get the most out of Google Maps, Hours: Tuesday 12 PM–12 AM Suggest new hours",iphone chargers,google_maps
Mobile Garage,G23,Cell phone store,4.9,,,"Shop #G23, Ground floor, Noor Mobile Mall, 6th Rd, Satellite Town, Rawalpindi, Pakistan",+923303033030,,https://www.google.com/maps/place/Mobile+Garage,,"General: See photos, 4.9, Cell phone store, Shop #G23, Ground floor, Noor Mobile Mall, 6th Rd, Satellite Town, Rawalpindi, Pakistan, Open 24 hours, Tuesday, Suggest new hours, +92 330 3033030, J3VF+59 Rawalpindi, Pakistan, Add website, Add a photo, You're seeing a limited view of Google Maps., Learn more, Get the most out of Google Maps, Hours: Tuesday Open 24 hours Suggest new hours",iphone chargers,google_maps
AllMobileparts Mobile Repairing Center,,Mobile home supply store,4.5,,,"Office #6, First Floor, Amazon Mobile Center, AMAZON MOBILE CENTER Address: AllMobileparts.PK, Liaqat Rd, Naya Mohalla, Rawalpindi, 46000, Pakistan",+923005433383,https://allmobileparts.pk,https://www.google.com/maps/place/AllMobileparts+Mobile+Repairing+Center,,"Accessibility: Assistive hearing loop, Wheelchair accessible entrance, Wheelchair accessible restroom, Wheelchair accessible seating, You're seeing a limited view of Google Maps., Learn more",iphone chargers,google_maps
Bell North,G7,Cell phone store,4.8,,,"Shop 4, Ali Complex Blue Area, Plot 77-E AKM Fazl-ul-Haq Rd, Block G G 7/3 Blue Area, Islamabad, 44000, Pakistan",+923331112010,https://bellnorth.com.pk,https://www.google.com/maps/place/Bell+North,,"Accessibility: Wheelchair accessible parking lot, Wheelchair accessible entrance, You're seeing a limited view of Google Maps., Learn more",iphone chargers,google_maps
Apple tech,G7,Cell phone store,4.0,,,"82 East AKM Fazl-ul-Haq Rd, Block F G 7/3 Blue Area, Islamabad, Pakistan",+923115820649,,https://www.google.com/maps/place/Apple+tech,,"General: See photos, 4.0, Cell phone store, 82 East AKM Fazl-ul-Haq Rd, Block F G 7/3 Blue Area, Islamabad, Pakistan, Located in: Mohammad Gulistan Khan House, +92 311 5820649, P389+5G Islamabad, Pakistan, Claim this business, Add hours, Add website, Add a photo, You're seeing a limited view of Google Maps., Learn more, Get the most out of Google Maps",iphone chargers,google_maps
Tech Town,NO38,Cell phone store,4.9,,,"Shop no 38, 4th Floor, Bank, Singapore Plaza, Road, Saddar, Rawalpindi, 46000, Pakistan",+923325249501,https://techtown.com,https://www.google.com/maps/place/Tech+Town,,"Accessibility: Wheelchair accessible parking lot, Wheelchair accessible restroom, Wheelchair accessible seating, You're seeing a limited view of Google Maps., Learn more",iphone chargers,google_maps
Mobilize,LG8,Cell phone store,4.8,,,"LG 8, Rania Mall, Bank Rd, Saddar, Rawalpindi, 44000, Pakistan",+92515120346,,https://www.google.com/maps/place/Mobilize,,"Accessibility: Wheelchair accessible entrance, Wheelchair accessible parking lot, You're seeing a limited view of Google Maps., Learn more",iphone chargers,google_maps
Apple House,F11,Cell phone store,5.0,,,"Hilal Rd, F-11 Markaz F 11 Markaz F-11, Islamabad, Pakistan",+92514718270,,https://www.google.com/maps/place/Apple+House,,"General: See photos, 5.0, Cell phone store, MXMQ+834, Hilal Rd, F-11 Markaz F 11 Markaz F-11, Islamabad, Pakistan, Closed, · Opens 11:30 AM, Tuesday, 11:30 AM–10:30 PM, Suggest new hours, +92 51 4718270, Claim this business, Add website, Add a photo, You're seeing a limited view of Google Maps., Learn more, Get the most out of Google Maps, Hours: Tuesday 11:30 AM–10:30 PM Suggest new hours",iphone chargers,google_maps
Baig's Mall,B,Cell phone store,4.6,,,"Paris Plaza, Commercial Market Rd, B-Block Block B Satellite Town, Rawalpindi, Pakistan",+923455333110,https://facebook.com/baigmall,https://www.google.com/maps/place/Baig%27s+Mall,,"General: See photos, 4.6, Cell phone store, Paris Plaza, Commercial Market Rd, B-Block Block B Satellite Town, Rawalpindi, Pakistan, Located in: Paris Plaza, Closed, · Opens 11 AM, Tuesday, 11 AM–11 PM, Suggest new hours, facebook.com, +92 345 5333110, J3PC+M9 Rawalpindi, Pakistan, Add a photo, You're seeing a limited view of Google Maps., Learn more, Get the most out of Google Maps, Hours: Tuesday 11 AM–11 PM Suggest new hours",iphone chargers,google_maps
MEGA.PK - Online Shopping Since 2008,I8,Computer store,4.2,,,"Shop 11, 12 Basement, Ahmed Center, I 8 Markaz I-8, 44000, Pakistan",+923111634275,https://mega.pk,https://www.google.com/maps/place/MEGA.PK+-+Online+Shopping+Since+2008,,"General: See photos, 4.2, Computer store, Shop 11, 12 Basement, Ahmed Center, I 8 Markaz I-8, 44000, Pakistan, Located in: Ahmed Center, Closed, · Opens 10 AM, Updated by this business 9 weeks ago, Tuesday, 10 AM–6 PM, Suggest new hours, mega.pk, +92 311 1634275, M39F+PP I-8, Islamabad, Pakistan, Add a photo, Visit Mega, a modern laptop showroom in Islamabad with a wide range of laptops on display. Compare models easily and get expert advice. Our showroom serves students, offices, and freelancers. Prices are clear and competitive. Explore our laptop showroom in Islamabad for a smooth buying experience., Jan 23, 2026, Order online, You're seeing a limited view of Google Maps., Learn more, Get the most out of Google Maps, Hours: Tuesday 10 AM–6 PM Suggest new hours",iphone chargers,google_maps
Samsung store 360,,Cell phone store,4.8,,,"Bank, Shop#2 Ground Floor Shabaz plaza Bank Road, road, Saddar, Rawalpindi, 46000, Pakistan",+923005333223,https://whatsapp.com/channel/0029ValQOQvFi8xe1HqemM2Y,https://www.google.com/maps/place/Samsung+store+360,"Retailer delivering an immersive in-store experience with smartphones, smartwatches & more.","General: You're seeing a limited view of Google Maps., Learn more",iphone chargers,google_maps
LALA SONS MOBILE,,Cell phone store,5.0,,,"Street Number 1, Chour Harpal, Rawalpindi, 46000, Pakistan",+923706413046,,https://www.google.com/maps/place/LALA+SONS+MOBILE,,"General: See photos, 5.0, Cell phone store, J243+PJF, Street Number 1, Chour Harpal, Rawalpindi, 46000, Pakistan, Closed, · Opens 10:30 AM, Tuesday, 10:30 AM–9 PM, Suggest new hours, +92 370 6413046, Claim this business, Add website, Add a photo, You're seeing a limited view of Google Maps., Learn more, Get the most out of Google Maps, Hours: Tuesday 10:30 AM–9 PM Suggest new hours",iphone chargers,google_maps
Cell Zone Isb,NO6,Cell phone store,5.0,,,"Shop NO 6-B, Khalil Mobile, Alfalah Plaza, Markaz, near Niazi Adda, G-9 Markaz G 9 Markaz G-9, Islamabad, 44000, Pakistan",+923075654250,,https://www.google.com/maps/place/Cell+Zone+Isb,,"General: See photos, 5.0, Cell phone store, Shop NO 6-B, Khalil Mobile, Alfalah Plaza, Markaz, near Niazi Adda, G-9 Markaz G 9 Markaz G-9, Islamabad, 44000, Pakistan, Closed, · Opens 10 AM, Tuesday, 10 AM–10:30 PM, Suggest new hours, +92 307 5654250, M2QM+9G Islamabad, Pakistan, Add website, Add a photo, You're seeing a limited view of Google Maps., Learn more, Get the most out of Google Maps, Hours: Tuesday 10 AM–10:30 PM Suggest new hours",iphone chargers,google_maps
Airpod Store,4,Electronics store,5.0,,,"Airpod Store, Ghauri Mobile Mall, Kalma Chowk, Ghori Town Phase 4-A Phase 4A Ghauri Town, Islamabad, 44015, Pakistan",+923201150111,https://urbuds.com,https://www.google.com/maps/place/Airpod+Store,,"General: 5.0, Electronics store, Airpod Store, Ghauri Mobile Mall, Kalma Chowk, Ghori Town Phase 4-A Phase 4A Ghauri Town, Islamabad, 44015, Pakistan, Located in: Ghouri Mobile Mall Islamabad, Closed, · Opens 11 AM, Tuesday, 11 AM–11 PM, Suggest new hours, urbuds.com, +92 320 1150111, J48Q+H3 Islamabad, Pakistan, Add a photo, You're seeing a limited view of Google Maps., Learn more, Get the most out of Google Maps, Hours: Tuesday 11 AM–11 PM Suggest new hours",iphone chargers,google_maps
iPlanet,G11,Wholesaler,5.0,,,"100, 7 Service Rd E, G-11/3 G 11/3 G-11, Islamabad, 54000, Pakistan",+923219629999,https://rexbex.com,https://www.google.com/maps/place/iPlanet,,"General: See photos, 5.0, Wholesaler, 100, 7 Service Rd E, G-11/3 G 11/3 G-11, Islamabad, 54000, Pakistan, Located in: Tower 101 (One O One), Closed, · Opens 12 PM, rexbex.com, +92 321 9629999, M2H2+3X Islamabad, Pakistan, Add a photo, You're seeing a limited view of Google Maps., Learn more, Get the most out of Google Maps",iphone chargers,google_maps
AL KARAM MOBILE CITY G13/1,G13,Cell phone store,5.0,,,"Shop no 08, Street 87, G-13/1 G 13/1 G-13, Islamabad, Pakistan",+923074846966,,https://www.google.com/maps/place/AL+KARAM+MOBILE+CITY+G13%2F1,,"General: See photos, 5.0, Cell phone store, Shop no 08, Street 87, G-13/1 G 13/1 G-13, Islamabad, Pakistan, Closed, · Opens 10 AM, Tuesday, 10 AM–11:30 PM, Suggest new hours, +92 307 4846966, JXV5+RF Islamabad, Pakistan, Claim this business, Add website, Add a photo, You're seeing a limited view of Google Maps., Learn more, Get the most out of Google Maps, Hours: Tuesday 10 AM–11:30 PM Suggest new hours",iphone chargers,google_maps
E Mart,,Cell phone store,5.0,,,"Shop #29, Raffay Mall, Peshawar Rd, Westridge 1, Rawalpindi, 46000, Pakistan",+923110285275,,https://www.google.com/maps/place/E+Mart,,"General: 5.0, Cell phone store, Shop #29, Raffay Mall, Peshawar Rd, Westridge 1, Rawalpindi, 46000, Pakistan, +92 311 0285275, J247+VW Rawalpindi, Pakistan, Claim this business, Add hours, Add website, Add a photo, You're seeing a limited view of Google Maps., Learn more, Get the most out of Google Maps",iphone chargers,google_maps
One Link Communication G11,G11,Cell phone store,4.9,,,"Shop # 10A-B Basement, Margala View Plaza, G-11 Markaz G 11 Markaz G-11, Islamabad, 44000, Pakistan",+923455895060,https://onelinkmobile.com,https://www.google.com/maps/place/One+Link+Communication+G11,,"Accessibility: Wheelchair accessible parking lot, You're seeing a limited view of Google Maps., Learn more",iphone chargers,google_maps
Mobile Market I-10 Markaz,I10,Cell phone store,3.9,,,"I-10 Markaz I 10 Markaz I-10, Islamabad, Pakistan",+923106777398,https://mobilebattleground.com,https://www.google.com/maps/place/Mobile+Market+I-10+Markaz,,"General: 3.9, Cell phone store, J2WP+GFG, I-10 Markaz I 10 Markaz I-10, Islamabad, Pakistan, mobilebattleground.com, +92 310 6777398, Claim this business, Add hours, Add a photo, You're seeing a limited view of Google Maps., Learn more, Get the most out of Google Maps",iphone chargers,google_maps
UK Mobile,UG52,Cell phone store,4.9,,,"Shop No. UG-52 Upper Ground, Techno City II Plaza, 6th Road, Dhoke Paracha, Rawalpindi, 46000, Pakistan",+92514927106,https://ukmobile.pk,https://www.google.com/maps/place/UK+Mobile,,"General: See photos, 4.9, Cell phone store, Shop No. UG-52 Upper Ground, Techno City II Plaza, 6th Road, Dhoke Paracha, Rawalpindi, 46000, Pakistan, Closed, · Opens 12:30 PM, Tuesday, 12:30–11 PM, Suggest new hours, ukmobile.pk, +92 51 4927106, J3RH+M5 Rawalpindi, Pakistan, Add a photo, You're seeing a limited view of Google Maps., Learn more, Get the most out of Google Maps, Hours: Tuesday 12:30–11 PM Suggest new hours",iphone chargers,google_maps
Fones4u,,Cell phone store,4.5,,,"Adam Jee Rd, Saddar, Rawalpindi, 46000, Pakistan",+923355066613,,https://www.google.com/maps/place/Fones4u,,"Accessibility: Wheelchair accessible seating, You're seeing a limited view of Google Maps., Learn more",iphone chargers,google_maps
Bhatti pan shop and vape shop and mobile accessories,,Cell phone store,4.4,,,"CNG pump near shalimaar ada peer wadahi road Rawalpindi (punjab peer wadahi road Peer wadahi, road, Pirwadhai, Rawalpindi, Pakistan",,https://vape90.com,https://www.google.com/maps/place/Bhatti+pan+shop+and+vape+shop+and+mobile+accessories,,"General: See photos, 4.4, Cell phone store, CNG pump near shalimaar ada peer wadahi road Rawalpindi (punjab peer wadahi road Peer wadahi, road, Pirwadhai, Rawalpindi, Pakistan, Open 24 hours, Tuesday, Suggest new hours, vape90.com, J2JQ+P7 Rawalpindi, Pakistan, Add place's phone number, Add a photo, You're seeing a limited view of Google Maps., Learn more, Get the most out of Google Maps, Hours: Tuesday Open 24 hours Suggest new hours",iphone chargers,google_maps
Mobile Mart,G11,Cell phone store,5.0,1,1,"G-11 Markaz G 11 Markaz G-11, Islamabad, 44100, Pakistan",+923325655551,https://mobilemartg11.blogspot.com,https://www.google.com/maps/place/Mobile+Mart,,"General: See photos, 3.8, Cell phone store, G-11 Markaz G 11 Markaz G-11, Islamabad, 44100, Pakistan, Closed, · Opens 11 AM, Tuesday, 11 AM–10 PM, Suggest new hours, mobilemartg11.blogspot.com, +92 332 5655551, MX9X+PX Islamabad, Pakistan, Add a photo, AS mobile shop, 5.0, (1), You're seeing a limited view of Google Maps., Learn more, Get the most out of Google Maps, Hours: Tuesday 11 AM–10 PM Suggest new hours",iphone chargers,google_maps
SmartiFix,G7,Mobile phone repair shop,4.8,,,"Smartifix # 06 Ground Floor Mehmood Plza fazl, e haq road, G 7/3 Blue Area, Islamabad, 44000, Pakistan",+92518899637,,https://www.google.com/maps/place/SmartiFix,,"General: See photos, 4.8, Mobile phone repair shop, Smartifix # 06 Ground Floor Mehmood Plza fazl, e haq road, G 7/3 Blue Area, Islamabad, 44000, Pakistan, Closed, · Opens 11 AM, Tuesday, 11 AM–9 PM, Suggest new hours, +92 51 8899637, P378+VR Islamabad, Pakistan, Add website, Add a photo, You're seeing a limited view of Google Maps., Learn more, Get the most out of Google Maps, Hours: Tuesday 11 AM–9 PM Suggest new hours",iphone chargers,google_maps
Mobile Zone,LN3,Cell phone store,5.0,,,"Ln 3, Quaid-e-Azam Colony Quaid e Azam Colony, Rawalpindi, Pakistan",+923111513125,,https://www.google.com/maps/place/Mobile+Zone,,"General: See photos, 5.0, Cell phone store, H289+6GW, Ln 3, Quaid-e-Azam Colony Quaid e Azam Colony, Rawalpindi, Pakistan, Open 24 hours, Tuesday, Suggest new hours, +92 311 1513125, Claim this business, Add website, Add a photo, You're seeing a limited view of Google Maps., Learn more, Get the most out of Google Maps, Hours: Tuesday Open 24 hours Suggest new hours",iphone chargers,google_maps
iShop Official,,Cell phone store,4.5,,,"Shop 43, 2nd Floor, Singapore Plaza, Bank Rd, Saddar, Rawalpindi, 46000, Pakistan",+923225076724,https://ishop.com.pk,https://www.google.com/maps/place/iShop+Official,,"General: See photos, 4.5, Cell phone store, Shop 43, 2nd Floor, Singapore Plaza, Bank Rd, Saddar, Rawalpindi, 46000, Pakistan, Closed, · Opens 12:30 PM, Tuesday, 12:30–10 PM, Suggest new hours, ishop.com.pk, +92 322 5076724, H3V4+P3 Rawalpindi, Pakistan, Add a photo, iPhone 17 ProMax 256GB, 512GB Non PTA Physical + E-Sim, Jan 16, 2026, You're seeing a limited view of Google Maps., Learn more, Get the most out of Google Maps, Hours: Tuesday 12:30–10 PM Suggest new hours",iphone chargers,google_maps
Zafar Mobile and Reparing,D,Cell phone store,4.2,,,"D, D Block Block D Satellite Town, Rawalpindi, 43600, Pakistan",+92512716748,https://tiktok.com/@zafar.mobile.repa,https://www.google.com/maps/place/Zafar+Mobile+and+Reparing,,"General: See photos, 4.2, Cell phone store, D, D Block Block D Satellite Town, Rawalpindi, 43600, Pakistan, Closed, · Opens 9 AM, Tuesday, 9 AM–9 PM, Suggest new hours, tiktok.com, +92 51 2716748, J3R8+34 Rawalpindi, Pakistan, Add a photo, You're seeing a limited view of Google Maps., Learn more, Get the most out of Google Maps, Hours: Tuesday 9 AM–9 PM Suggest new hours",iphone chargers,google_maps
Pak Mobiles,G7,Cell phone store,4.8,,,"Shop 1, G-7/3 Block G G 7/3 Blue Area, Islamabad, 44000, Pakistan",+923035780934,https://paktechmall.com,https://www.google.com/maps/place/Pak+Mobiles,,"General: See photos, 4.8, Cell phone store, Shop 1, G-7/3 Block G G 7/3 Blue Area, Islamabad, 44000, Pakistan, Closed, · Opens 10 AM, Tuesday, 10 AM–10 PM, Suggest new hours, paktechmall.com, +92 303 5780934, P378+PM Islamabad, Pakistan, Add a photo, Your phone. Your style. Full protection. Customize your mobile with premium Leather Back & Front Protection at Pak Mobiles — stylish, scratch-resistant & perfectly fitted for your device. #PakMobiles #BlueAreaIslamabad #MobileProtection #JellyCover #ScreenProtection #CustomizedCover #PhoneStyle #IslamabadMobiles #MobileAccessories #PhoneProtection #BackProtection #FrontProtection #iPhoneCover #AndroidCover #MobileFashion #TechAccessories #IslamabadShopping, May 19, 2026, You're seeing a limited view of Google Maps., Learn more, Get the most out of Google Maps, Hours: Tuesday 10 AM–10 PM Suggest new hours",iphone chargers,google_maps
Cell story,,Cell phone store,4.2,,,,+923348040600,https://cellstory.pk,https://www.google.com/maps/place/Cell+story,,"General: See photos, 4.2, Cell phone store, Closed, · Opens 12:30 PM, Tuesday, 12:30 PM–12 AM, Suggest new hours, cellstory.pk, +92 334 8040600, Add a photo, You're seeing a limited view of Google Maps., Learn more, Get the most out of Google Maps, Hours: Tuesday 12:30 PM–12 AM Suggest new hours",iphone chargers,google_maps
city mobile centre,,Mobile phone repair shop,5.0,,,"city mobile centre, Haji Rd, near railway work shop road, Dhoke Mangtal, Rawalpindi, 46000, Pakistan",,,https://www.google.com/maps/place/city+mobile+centre,,"General: See photos, 5.0, Mobile phone repair shop, J28X+X2C, city mobile centre, Haji Rd, near railway work shop road, Dhoke Mangtal, Rawalpindi, 46000, Pakistan, Claim this business, Add place's phone number, Add hours, Add website, Add a photo, You're seeing a limited view of Google Maps., Learn more, Get the most out of Google Maps",iphone chargers,google_maps
Sky Link 11,,Cell phone store,4.9,,,"Upper Ground floor, Singapore Plaza, Saddar, Rawalpindi, 46000, Pakistan",+923092131555,,https://www.google.com/maps/place/Sky+Link+11,,"General: See photos, 4.9, Cell phone store, Upper Ground floor, Singapore Plaza, Saddar, Rawalpindi, 46000, Pakistan, Closed, · Opens 11:30 AM, Tuesday, 11:30 AM–10:30 PM, Suggest new hours, +92 309 2131555, H3V4+P3 Rawalpindi, Pakistan, Add website, Add a photo, You're seeing a limited view of Google Maps., Learn more, Get the most out of Google Maps, Hours: Tuesday 11:30 AM–10:30 PM Suggest new hours",iphone chargers,google_maps
Apple Zone,,Cell phone store,3.7,,,"Office No.22, 4th Floor, Singapore Plaza, Saddar, Rawalpindi, 46000, Pakistan",+923170508099,,https://www.google.com/maps/place/Apple+Zone,,"General: See photos, 3.7, Cell phone store, Office No.22, 4th Floor, Singapore Plaza, Saddar, Rawalpindi, 46000, Pakistan, Floor 4 · Singapore Plaza, Closed, · Opens 11 AM, Tuesday, 11 AM–10:30 PM, Suggest new hours, +92 317 0508099, H3V4+P3 Rawalpindi, Pakistan, Add website, Add a photo, You're seeing a limited view of Google Maps., Learn more, Get the most out of Google Maps, Hours: Tuesday 11 AM–10:30 PM Suggest new hours",iphone chargers,google_maps
APPLE Accessories,,Mobile home dealer,5.0,,,"Shop 40/41 3Rd floor, Singapore Plaza, Bank Rd, Saddar, Rawalpindi, 46000, Pakistan",+923365328142,,https://www.google.com/maps/place/APPLE+Accessories,,"Accessibility: Wheelchair accessible entrance, Wheelchair accessible parking lot, Wheelchair accessible restroom, Wheelchair accessible seating, You're seeing a limited view of Google Maps., Learn more",iphone chargers,google_maps
FJ Mobiles,G11,Cell phone store,4.7,,,"Shop No.2 GF, Silver city plaza, G-11 Markaz G 11 Markaz G-11, Islamabad, 44000, Pakistan",+923337244000,,https://www.google.com/maps/place/FJ+Mobiles,,"General: See photos, 4.7, Cell phone store, Shop No.2 GF, Silver city plaza, G-11 Markaz G 11 Markaz G-11, Islamabad, 44000, Pakistan, Closed, · Opens 12 PM, Tuesday, 12–10:30 PM, Suggest new hours, +92 333 7244000, MX9W+7P Islamabad, Pakistan, Add website, Add a photo, You're seeing a limited view of Google Maps., Learn more, Get the most out of Google Maps, Hours: Tuesday 12–10:30 PM Suggest new hours",iphone chargers,google_maps
iCommunication,,Cell phone store,5.0,,,"Shop 5E, 3rd Floor, Singapore Plaza, Bank Rd, Saddar, Rawalpindi, 46000, Pakistan",+923008899600,,https://www.google.com/maps/place/iCommunication,,"General: See photos, 5.0, Cell phone store, Shop 5E, 3rd Floor, Singapore Plaza, Bank Rd, Saddar, Rawalpindi, 46000, Pakistan, Closed, · Opens 11:30 AM, +92 300 8899600, H3V4+P3 Rawalpindi, Pakistan, Add website, Add a photo, Upgrade your smartphone experience with the all-new Infinix Note 60 Pro Enjoy a stunning display, powerful performance, and long-lasting battery that keeps up with your daily needs. Perfect for gaming, streaming, and multitasking—all in one sleek design. Available now at the best price in Pakistan! #InfinixNote60Pro #InfinixPakistan #SmartphoneDeals #LatestMobiles #TechPakistan #AndroidPhone #MobileOffers #BudgetFlagship #iCommunication #Rawalpindi, Mar 27, 2026, Call now, You're seeing a limited view of Google Maps., Learn more, Get the most out of Google Maps",iphone chargers,google_maps
Javaid Communications Mobile Repairing,,Mobile phone repair shop,4.2,,,"Shop # 2,3 Basement, Danyal Plaza, 4th-B Road, Chandni Chowk Flyover, Asghar Mall Scheme, Rawalpindi, 46300, Pakistan",+923160666666,https://javaidcom.com,https://www.google.com/maps/place/Javaid+Communications+Mobile+Repairing,,"Accessibility: Wheelchair accessible entrance, Wheelchair accessible parking lot, You're seeing a limited view of Google Maps., Learn more",iphone chargers,google_maps
Shams Mobile,,Cell phone store,5.0,,,"4 Liaqat Rd, Raja Bazar Nanakpura, Rawalpindi, 46000, Pakistan",+923181515506,,https://www.google.com/maps/place/Shams+Mobile,,"General: See photos, 5.0, Cell phone store, 4 Liaqat Rd, Raja Bazar Nanakpura, Rawalpindi, 46000, Pakistan, Open, · Closes 11 PM, Tuesday, 12 AM–11 PM, Suggest new hours, +92 318 1515506, J364+JM Rawalpindi, Pakistan, Claim this business, Add website, Add a photo, You're seeing a limited view of Google Maps., Learn more, Get the most out of Google Maps, Hours: Tuesday 12 AM–11 PM Suggest new hours",iphone chargers,google_maps
Skylink 4,,Cell phone store,3.0,,,"Shop No #27/28 Upper Ground Floor, Singapore Plaza, SkyLink 4 Bank Rd, Saddar, Rawalpindi, 46000, Pakistan",+923215234553,,https://www.google.com/maps/place/Skylink+4,,"General: See photos, 3.0, Cell phone store, Shop No #27/28 Upper Ground Floor, Singapore Plaza, SkyLink 4 Bank Rd, Saddar, Rawalpindi, 46000, Pakistan, Floor 0 · Singapore Plaza, +92 321 5234553, H3V4+P3 Rawalpindi, Pakistan, Claim this business, Add hours, Add website, Add a photo, You're seeing a limited view of Google Maps., Learn more, Get the most out of Google Maps",iphone chargers,google_maps
Doomax,,Cell phone accessory store,4.6,,,"Shop number 7, 8 Ground Floor, Khawaja plaza, Liaqat Rd, Nanakpura, Rawalpindi, 44000, Pakistan",+923105668486,,https://www.google.com/maps/place/Doomax,,"General: See photos, 4.6, Cell phone accessory store, Shop number 7, 8 Ground Floor, Khawaja plaza, Liaqat Rd, Nanakpura, Rawalpindi, 44000, Pakistan, Closed, · Opens 10 AM, Tuesday, 10 AM–9 PM, Suggest new hours, +92 310 5668486, J364+FR Rawalpindi, Pakistan, Add website, Add a photo, You're seeing a limited view of Google Maps., Learn more, Get the most out of Google Maps, Hours: Tuesday 10 AM–9 PM Suggest new hours",iphone chargers,google_maps
ISquare Gadgets,,Cell phone store,4.7,,,"Shop # 16D , 2nd Floor, Singapore Plaza, Saddar, Rawalpindi, 46000, Pakistan",+923243449937,https://isquaregadgets.com,https://www.google.com/maps/place/ISquare+Gadgets,,"Accessibility: Wheelchair accessible entrance, Wheelchair accessible parking lot, Wheelchair accessible restroom, Wheelchair accessible seating, You're seeing a limited view of Google Maps., Learn more",iphone chargers,google_maps
Migalaxystore,LG06,Outlet store,5.0,,,"Shop No. LG-06 / LG-07, Rania Mall, 63 Bank Rd, Saddar, Rawalpindi, 46000, Pakistan",+923335189953,https://migalaxystore.com,https://www.google.com/maps/place/Migalaxystore,,"Accessibility: Wheelchair accessible parking lot, Wheelchair accessible seating, You're seeing a limited view of Google Maps., Learn more",iphone chargers,google_maps
Gadgets Mobiles,NO3,Cell phone store,4.7,,,"Shop No 3, Super Market, Block C F 6 Markaz F-6, Islamabad, 44000, Pakistan",+923228566615,,https://www.google.com/maps/place/Gadgets+Mobiles,,"Accessibility: Wheelchair accessible entrance, Wheelchair accessible parking lot, Wheelchair accessible seating, Wheelchair accessible restroom, You're seeing a limited view of Google Maps., Learn more",iphone chargers,google_maps
APPLE LINE,G7,Cell phone store,3.8,,,"Block, Rehman Plaza, Unit#01, fazal-e-Haq Road, G G 7/3 Blue Area, Islamabad, 44000, Pakistan",+920000000,https://facebook.com/APPLELINEPK,https://www.google.com/maps/place/APPLE+LINE,,"Accessibility: Wheelchair accessible restroom, Wheelchair accessible seating, You're seeing a limited view of Google Maps., Learn more",iphone chargers,google_maps
MicroSoldering -Apple iPhone Repair Center,,Mobile phone repair shop,4.7,,,"Shahbaz Plaza Building, Bank Rd, Saddar, Rawalpindi, 46000, Pakistan",+923108999929,https://microsolderingpk.com,https://www.google.com/maps/place/MicroSoldering+-Apple+iPhone+Repair+Center,,"Accessibility: Assisted listening devices, Wheelchair accessible parking lot, Wheelchair accessible seating, Wheelchair accessible entrance, Wheelchair accessible restroom, You're seeing a limited view of Google Maps., Learn more",iphone chargers,google_maps
The Fone Shop,F11,Electronics store,3.9,,,"Shop# 5, F-11 Markaz F 11 Markaz F-11, Islamabad, 44000, Pakistan",+923338555060,,https://www.google.com/maps/place/The+Fone+Shop,,"General: See photos, 3.9, Electronics store, Shop# 5, F-11 Markaz F 11 Markaz F-11, Islamabad, 44000, Pakistan, Closed, · Opens 11:30 AM, Tuesday, 11:30 AM–11 PM, Suggest new hours, +92 333 8555060, MXMQ+92 Islamabad, Pakistan, Add website, Add a photo, You're seeing a limited view of Google Maps., Learn more, Get the most out of Google Maps, Hours: Tuesday 11:30 AM–11 PM Suggest new hours",iphone chargers,google_maps
SAQIB MOBILE,,Cell phone store,4.2,,,"3, Lower Ground Floor, Akhtar Plaza, Police Station Rd, Saddar, Rawalpindi, 46000, Pakistan",+923373333463,https://saqibmobile.com,https://www.google.com/maps/place/SAQIB+MOBILE,,"Accessibility: Wheelchair accessible entrance, You're seeing a limited view of Google Maps., Learn more",iphone chargers,google_maps
Mobile 360 Telecom,,Cell phone store,4.8,,,"ground floor shop 2, shahbaz plaza, Bank Rd, Saddar, Rawalpindi, 46000, Pakistan",+923015111800,https://360red.pk,https://www.google.com/maps/place/Mobile+360+Telecom,,"General: See photos, 4.8, Cell phone store, ground floor shop 2, shahbaz plaza, Bank Rd, Saddar, Rawalpindi, 46000, Pakistan, Located in: Shahbaz Plaza cell store 4, Closed, · Opens 10 AM, Tuesday, 10 AM–10:15 PM, Suggest new hours, 360red.pk, +92 301 5111800, H2XX+9Q Rawalpindi, Pakistan, Add a photo, You're seeing a limited view of Google Maps., Learn more, Get the most out of Google Maps, Hours: Tuesday 10 AM–10:15 PM Suggest new hours",iphone chargers,google_maps
BUY BEST MOBILE,G11,Cell phone store,4.5,,,"beirut mobile market, Shop #2-4 silver city plaza, G-11 Markaz G 11 Markaz G-11, Islamabad, 44000, Pakistan",+923001692229,,https://www.google.com/maps/place/BUY+BEST+MOBILE,,"General: See photos, 4.5, Cell phone store, beirut mobile market, Shop #2-4 silver city plaza, G-11 Markaz G 11 Markaz G-11, Islamabad, 44000, Pakistan, Closed, · Opens 10 AM, Tuesday, 10 AM–11:40 PM, Suggest new hours, +92 300 1692229, MX9X+PX Islamabad, Pakistan, Add website, Add a photo, You're seeing a limited view of Google Maps., Learn more, Get the most out of Google Maps, Hours: Tuesday 10 AM–11:40 PM Suggest new hours",iphone chargers,google_maps
QZ Communication,,Cell phone store,4.1,,,"Shop # 9, NIazi Plaza, Bank Rd, Saddar, Rawalpindi, 46000, Pakistan",+923335123384,,https://www.google.com/maps/place/QZ+Communication,,"General: See photos, 4.1, Cell phone store, Shop # 9, NIazi Plaza, Bank Rd, Saddar, Rawalpindi, 46000, Pakistan, Closed, · Opens 9 AM, +92 333 5123384, H2XX+C7 Rawalpindi, Pakistan, Add website, Add a photo, You're seeing a limited view of Google Maps., Learn more, Get the most out of Google Maps",iphone chargers,google_maps
